"","Query","diff_Tscore","diff_E_Value","diff_P_Ident","perc_diff_Tscore","Group"
"1","jgi|Aurli1|44040|fgenesh1_kg.6_#_256_#_isotig07750",NA,NA,NA,NA,"aurli_only"
"2","jgi|Aurli1|44535|fgenesh1_kg.8_#_129_#_isotig12259",NA,NA,NA,NA,"aurli_only"
"3","jgi|Aurli1|48845|fgenesh1_kg.34_#_49_#_isotig06896",NA,NA,NA,NA,"aurli_only"
"4","jgi|Aurli1|103997|estExt_Genewise1Plus.C_5_t20158",NA,NA,NA,NA,"laby_only"
"5","jgi|Aurli1|12067|gm1.12067_g",NA,NA,NA,NA,"laby_only"
"6","jgi|Aurli1|137494|estExt_fgenesh1_kg.C_30359",NA,NA,NA,NA,"laby_only"
"7","jgi|Aurli1|138707|estExt_fgenesh1_kg.C_70266",NA,NA,NA,NA,"laby_only"
"8","jgi|Aurli1|139080|estExt_fgenesh1_kg.C_90060",NA,NA,NA,NA,"laby_only"
"9","jgi|Aurli1|140375|estExt_fgenesh1_kg.C_130221",NA,NA,NA,NA,"laby_only"
"10","jgi|Aurli1|140971|estExt_fgenesh1_kg.C_160144",NA,NA,NA,NA,"laby_only"
"11","jgi|Aurli1|140988|estExt_fgenesh1_kg.C_160161",NA,NA,NA,NA,"laby_only"
"12","jgi|Aurli1|141237|estExt_fgenesh1_kg.C_180012",NA,NA,NA,NA,"laby_only"
"13","jgi|Aurli1|141703|estExt_fgenesh1_kg.C_200098",NA,NA,NA,NA,"laby_only"
"14","jgi|Aurli1|142287|estExt_fgenesh1_kg.C_240016",NA,NA,NA,NA,"laby_only"
"15","jgi|Aurli1|142921|estExt_fgenesh1_kg.C_330023",NA,NA,NA,NA,"laby_only"
"16","jgi|Aurli1|143762|estExt_Genemark1.C_1_t20441",NA,NA,NA,NA,"laby_only"
"17","jgi|Aurli1|149081|estExt_Genemark1.C_150240",NA,NA,NA,NA,"laby_only"
"18","jgi|Aurli1|149852|estExt_Genemark1.C_180259",NA,NA,NA,NA,"laby_only"
"19","jgi|Aurli1|33998|fgenesh1_pg.8_#_536",NA,NA,NA,NA,"laby_only"
"20","jgi|Aurli1|41474|fgenesh1_pg.37_#_9",NA,NA,NA,NA,"laby_only"
"21","jgi|Aurli1|41903|fgenesh1_kg.1_#_323_#_isotig04108",NA,NA,NA,NA,"laby_only"
"22","jgi|Aurli1|42866|fgenesh1_kg.3_#_124_#_isotig00152",NA,NA,NA,NA,"laby_only"
"23","jgi|Aurli1|43100|fgenesh1_kg.3_#_358_#_isotig02433",NA,NA,NA,NA,"laby_only"
"24","jgi|Aurli1|4337|gm1.4337_g",NA,NA,NA,NA,"laby_only"
"25","jgi|Aurli1|442|gm1.442_g",NA,NA,NA,NA,"laby_only"
"26","jgi|Aurli1|44457|fgenesh1_kg.8_#_51_#_isotig06927",NA,NA,NA,NA,"laby_only"
"27","jgi|Aurli1|44843|fgenesh1_kg.9_#_151_#_isotig07204",NA,NA,NA,NA,"laby_only"
"28","jgi|Aurli1|47238|fgenesh1_kg.19_#_24_#_isotig00247",NA,NA,NA,NA,"laby_only"
"29","jgi|Aurli1|79344|e_gw1.13.18.1",NA,NA,NA,NA,"laby_only"
"30","jgi|Aurli1|8914|gm1.8914_g",NA,NA,NA,NA,"laby_only"
"31","jgi|Aurli1|141780|estExt_fgenesh1_kg.C_200182",NA,NA,NA,NA,"Stramenop_not_hondaea"
"32","jgi|Aurli1|45608|fgenesh1_kg.11_#_267_#_isotig04470",NA,NA,NA,NA,"Stramenop_not_hondaea"
"33","jgi|Aurli1|6602|gm1.6602_g",NA,NA,NA,NA,"Stramenop_not_hondaea"
"34","jgi|Aurli1|101509|estExt_Genewise1Plus.C_2_t10053",59,-5e-57,7.04000000000001,"0%-85%","Both"
"35","jgi|Aurli1|102883|estExt_Genewise1Plus.C_3_t20226",353,-7e-69,32.61,"0%-85%","Both"
"36","jgi|Aurli1|104016|estExt_Genewise1Plus.C_5_t20224",19.4,-4.99999998e-20,9.37,"0%-85%","Both"
"37","jgi|Aurli1|104908|estExt_Genewise1Plus.C_7_t10242",78,-1.9999996e-25,36.4,"0%-85%","Both"
"38","jgi|Aurli1|105065|estExt_Genewise1Plus.C_7_t10466",130,0,16.03,"0%-85%","Both"
"39","jgi|Aurli1|105607|estExt_Genewise1Plus.C_8_t10312",394,-7e-123,26.54,"0%-85%","Both"
"40","jgi|Aurli1|105921|estExt_Genewise1Plus.C_9_t10019",481,-2e-120,38.39,"0%-85%","Both"
"41","jgi|Aurli1|107122|estExt_Genewise1Plus.C_10_t20288",247,0,23.74,"0%-85%","Both"
"42","jgi|Aurli1|107249|estExt_Genewise1Plus.C_11_t10127",484,-3e-96,41.12,"0%-85%","Both"
"43","jgi|Aurli1|109323|estExt_Genewise1Plus.C_15_t10469",361,-1e-139,34.57,"0%-85%","Both"
"44","jgi|Aurli1|109737|estExt_Genewise1Plus.C_160406",172,-2e-114,16.95,"0%-85%","Both"
"45","jgi|Aurli1|110565|estExt_Genewise1Plus.C_190063",-83.3,-2e-05,18.03,"0%-85%","Both"
"46","jgi|Aurli1|11058|gm1.11058_g",392.8,-3e-10,43.06,"0%-85%","Both"
"47","jgi|Aurli1|111355|estExt_Genewise1Plus.C_210199",164,-6e-66,40.95,"0%-85%","Both"
"48","jgi|Aurli1|11390|gm1.11390_g",173,-9e-143,25.82,"0%-85%","Both"
"49","jgi|Aurli1|114188|fgenesh1_pm.2_#_11",-34,1.9999999999999e-91,-11.26,"0%-85%","Both"
"50","jgi|Aurli1|114559|fgenesh1_pm.2_#_382",231,-3e-106,25.02,"0%-85%","Both"
"51","jgi|Aurli1|114891|fgenesh1_pm.3_#_244",50,-3e-71,22.15,"0%-85%","Both"
"52","jgi|Aurli1|115025|fgenesh1_pm.4_#_21",193,-2e-51,43.99,"0%-85%","Both"
"53","jgi|Aurli1|115052|fgenesh1_pm.4_#_48",250,-8e-137,30.3,"0%-85%","Both"
"54","jgi|Aurli1|115161|fgenesh1_pm.4_#_157",57,-3e-109,11.13,"0%-85%","Both"
"55","jgi|Aurli1|115200|fgenesh1_pm.4_#_196",129,-2e-112,27.21,"0%-85%","Both"
"56","jgi|Aurli1|115514|fgenesh1_pm.5_#_212",129,-4e-46,34.91,"0%-85%","Both"
"57","jgi|Aurli1|115638|fgenesh1_pm.6_#_10",237,-2e-105,25.06,"0%-85%","Both"
"58","jgi|Aurli1|115689|fgenesh1_pm.6_#_61",410,0,27.38,"0%-85%","Both"
"59","jgi|Aurli1|116011|fgenesh1_pm.7_#_64",136,-8e-58,20.35,"0%-85%","Both"
"60","jgi|Aurli1|116188|fgenesh1_pm.7_#_241",547,0,19.31,"0%-85%","Both"
"61","jgi|Aurli1|116490|fgenesh1_pm.8_#_212",301,0,27.37,"0%-85%","Both"
"62","jgi|Aurli1|116973|fgenesh1_pm.10_#_71",-41,0,-8.20999999999999,"0%-85%","Both"
"63","jgi|Aurli1|117061|fgenesh1_pm.10_#_159",123,-7e-41,20.35,"0%-85%","Both"
"64","jgi|Aurli1|117249|fgenesh1_pm.11_#_27",325.6,-2e-07,34.72,"0%-85%","Both"
"65","jgi|Aurli1|117291|fgenesh1_pm.11_#_69",220,-2e-158,22.8,"0%-85%","Both"
"66","jgi|Aurli1|117995|fgenesh1_pm.14_#_3",104.6,-2e-11,21.39,"0%-85%","Both"
"67","jgi|Aurli1|118266|fgenesh1_pm.15_#_81",52,-9e-79,20.29,"0%-85%","Both"
"68","jgi|Aurli1|118329|fgenesh1_pm.15_#_144",550,0,37.67,"0%-85%","Both"
"69","jgi|Aurli1|118949|fgenesh1_pm.18_#_103",116,-4e-36,33.18,"0%-85%","Both"
"70","jgi|Aurli1|118967|fgenesh1_pm.18_#_121",144,-3e-94,32.97,"0%-85%","Both"
"71","jgi|Aurli1|119116|fgenesh1_pm.19_#_61",104,0,16.47,"0%-85%","Both"
"72","jgi|Aurli1|119202|fgenesh1_pm.19_#_147",53,-8e-53,20.98,"0%-85%","Both"
"73","jgi|Aurli1|119343|fgenesh1_pm.20_#_118",59,-5e-40,14.46,"0%-85%","Both"
"74","jgi|Aurli1|119464|fgenesh1_pm.21_#_35",464,-6e-07,30.87,"0%-85%","Both"
"75","jgi|Aurli1|120126|fgenesh1_pm.26_#_25",445,-2e-89,44.87,"0%-85%","Both"
"76","jgi|Aurli1|123824|estExt_fgenesh1_pm.C_100020",51,-7e-55,17.83,"0%-85%","Both"
"77","jgi|Aurli1|124035|estExt_fgenesh1_pm.C_100252",197,-4e-27,8.45,"0%-85%","Both"
"78","jgi|Aurli1|125465|estExt_fgenesh1_pm.C_170102",467,0,25.84,"0%-85%","Both"
"79","jgi|Aurli1|125563|estExt_fgenesh1_pm.C_170208",158,-1e-96,28.77,"0%-85%","Both"
"80","jgi|Aurli1|1283|gm1.1283_g",61,-4e-55,12.57,"0%-85%","Both"
"81","jgi|Aurli1|128408|estExt_fgenesh1_pg.C_2_t10452",143.8,-9e-17,29.98,"0%-85%","Both"
"82","jgi|Aurli1|133929|estExt_fgenesh1_pg.C_180286",266.3,-1e-04,12.82,"0%-85%","Both"
"83","jgi|Aurli1|136161|estExt_fgenesh1_kg.C_1_t10144",111,-2e-51,35.02,"0%-85%","Both"
"84","jgi|Aurli1|136262|estExt_fgenesh1_kg.C_1_t10246",255,0,20.71,"0%-85%","Both"
"85","jgi|Aurli1|136299|estExt_fgenesh1_kg.C_1_t10291",91,-1e-33,20.2,"0%-85%","Both"
"86","jgi|Aurli1|136325|estExt_fgenesh1_kg.C_1_t10319",48,-9e-65,19.05,"0%-85%","Both"
"87","jgi|Aurli1|136361|estExt_fgenesh1_kg.C_1_t10355",68,-1e-31,30.48,"0%-85%","Both"
"88","jgi|Aurli1|136425|estExt_fgenesh1_kg.C_1_t10421",545,-9e-14,22.86,"0%-85%","Both"
"89","jgi|Aurli1|136427|estExt_fgenesh1_kg.C_1_t10423",127.8,-8e-24,28.06,"0%-85%","Both"
"90","jgi|Aurli1|136440|estExt_fgenesh1_kg.C_1_t10436",373,-7e-58,29.27,"0%-85%","Both"
"91","jgi|Aurli1|136470|estExt_fgenesh1_kg.C_1_t10468",261,-9e-81,33.53,"0%-85%","Both"
"92","jgi|Aurli1|136475|estExt_fgenesh1_kg.C_1_t10473",73,-2e-52,39.72,"0%-85%","Both"
"93","jgi|Aurli1|136488|estExt_fgenesh1_kg.C_1_t10487",54,-9e-52,17.14,"0%-85%","Both"
"94","jgi|Aurli1|136502|estExt_fgenesh1_kg.C_1_t20001",359,0,27.45,"0%-85%","Both"
"95","jgi|Aurli1|136607|estExt_fgenesh1_kg.C_1_t20108",254,0,25.32,"0%-85%","Both"
"96","jgi|Aurli1|136651|estExt_fgenesh1_kg.C_1_t20152",16.2,-1.999999e-05,8.86,"0%-85%","Both"
"97","jgi|Aurli1|136674|estExt_fgenesh1_kg.C_1_t20175",330.4,-1e-09,33.15,"0%-85%","Both"
"98","jgi|Aurli1|136697|estExt_fgenesh1_kg.C_20007",211,-2e-87,22.27,"0%-85%","Both"
"99","jgi|Aurli1|136855|estExt_fgenesh1_kg.C_20168",478,0,29.92,"0%-85%","Both"
"100","jgi|Aurli1|136860|estExt_fgenesh1_kg.C_20173",341,-2e-109,30.88,"0%-85%","Both"
"101","jgi|Aurli1|137176|estExt_fgenesh1_kg.C_30031",278,-5e-107,34.63,"0%-85%","Both"
"102","jgi|Aurli1|137186|estExt_fgenesh1_kg.C_30041",153,0,12.86,"0%-85%","Both"
"103","jgi|Aurli1|137229|estExt_fgenesh1_kg.C_30084",177.6,-3e-07,46,"0%-85%","Both"
"104","jgi|Aurli1|137243|estExt_fgenesh1_kg.C_30098",40,-5e-143,8.09999999999999,"0%-85%","Both"
"105","jgi|Aurli1|137411|estExt_fgenesh1_kg.C_30273",250,0,25.82,"0%-85%","Both"
"106","jgi|Aurli1|137433|estExt_fgenesh1_kg.C_30295",191,-1e-79,36.02,"0%-85%","Both"
"107","jgi|Aurli1|137462|estExt_fgenesh1_kg.C_30327",175,-4e-61,32.87,"0%-85%","Both"
"108","jgi|Aurli1|137525|estExt_fgenesh1_kg.C_40031",145,0,18.7,"0%-85%","Both"
"109","jgi|Aurli1|137534|estExt_fgenesh1_kg.C_40040",172,-6e-137,16.82,"0%-85%","Both"
"110","jgi|Aurli1|137616|estExt_fgenesh1_kg.C_40123",137,-2e-32,20.54,"0%-85%","Both"
"111","jgi|Aurli1|137652|estExt_fgenesh1_kg.C_40159",349,-9e-67,27.95,"0%-85%","Both"
"112","jgi|Aurli1|137670|estExt_fgenesh1_kg.C_40177",238,-3e-130,26.1,"0%-85%","Both"
"113","jgi|Aurli1|137675|estExt_fgenesh1_kg.C_40182",189,-1e-158,26.64,"0%-85%","Both"
"114","jgi|Aurli1|137840|estExt_fgenesh1_kg.C_50036",153,-4e-66,34.37,"0%-85%","Both"
"115","jgi|Aurli1|137857|estExt_fgenesh1_kg.C_50053",415,0,35.87,"0%-85%","Both"
"116","jgi|Aurli1|137978|estExt_fgenesh1_kg.C_50174",210,0,19.01,"0%-85%","Both"
"117","jgi|Aurli1|137990|estExt_fgenesh1_kg.C_50186",413.2,-3e-09,43.65,"0%-85%","Both"
"118","jgi|Aurli1|138137|estExt_fgenesh1_kg.C_50338",165.7,-7e-21,22.97,"0%-85%","Both"
"119","jgi|Aurli1|138220|estExt_fgenesh1_kg.C_60071",483,0,27.51,"0%-85%","Both"
"120","jgi|Aurli1|138285|estExt_fgenesh1_kg.C_60140",493,0,29.7,"0%-85%","Both"
"121","jgi|Aurli1|138306|estExt_fgenesh1_kg.C_60162",154,-7e-125,27.18,"0%-85%","Both"
"122","jgi|Aurli1|138365|estExt_fgenesh1_kg.C_60221",163,0,21.8,"0%-85%","Both"
"123","jgi|Aurli1|138548|estExt_fgenesh1_kg.C_70104",202.6,-0.004,27.56,"0%-85%","Both"
"124","jgi|Aurli1|138555|estExt_fgenesh1_kg.C_70111",373,-7e-164,28.59,"0%-85%","Both"
"125","jgi|Aurli1|138602|estExt_fgenesh1_kg.C_70160",110,-2e-32,35.31,"0%-85%","Both"
"126","jgi|Aurli1|138805|estExt_fgenesh1_kg.C_80056",454,0,30.82,"0%-85%","Both"
"127","jgi|Aurli1|138816|estExt_fgenesh1_kg.C_80067",83,-2e-37,26.33,"0%-85%","Both"
"128","jgi|Aurli1|138891|estExt_fgenesh1_kg.C_80144",153,-2e-64,26.34,"0%-85%","Both"
"129","jgi|Aurli1|138925|estExt_fgenesh1_kg.C_80178",279,-3e-48,37.26,"0%-85%","Both"
"130","jgi|Aurli1|138951|estExt_fgenesh1_kg.C_80204",216,-2e-60,29.32,"0%-85%","Both"
"131","jgi|Aurli1|139062|estExt_fgenesh1_kg.C_90033",542,0,30.8,"0%-85%","Both"
"132","jgi|Aurli1|139066|estExt_fgenesh1_kg.C_90037",23,-3.999999998e-27,34.05,"0%-85%","Both"
"133","jgi|Aurli1|139073|estExt_fgenesh1_kg.C_90053",237,-3e-139,26.19,"0%-85%","Both"
"134","jgi|Aurli1|139106|estExt_fgenesh1_kg.C_90087",501,0,37,"0%-85%","Both"
"135","jgi|Aurli1|139280|estExt_fgenesh1_kg.C_90264",192.7,-7e-07,58.46,"0%-85%","Both"
"136","jgi|Aurli1|139352|estExt_fgenesh1_kg.C_100021",162,-6e-37,18.07,"0%-85%","Both"
"137","jgi|Aurli1|139391|estExt_fgenesh1_kg.C_100060",316,-7e-107,24.31,"0%-85%","Both"
"138","jgi|Aurli1|139481|estExt_fgenesh1_kg.C_100151",103,-2e-33,31.62,"0%-85%","Both"
"139","jgi|Aurli1|139509|estExt_fgenesh1_kg.C_100179",382,0,25.44,"0%-85%","Both"
"140","jgi|Aurli1|139589|estExt_fgenesh1_kg.C_100263",242.8,-5e-14,53.2,"0%-85%","Both"
"141","jgi|Aurli1|139649|estExt_fgenesh1_kg.C_100325",395,-3e-51,32.84,"0%-85%","Both"
"142","jgi|Aurli1|139652|estExt_fgenesh1_kg.C_100328",471,-2e-56,36.68,"0%-85%","Both"
"143","jgi|Aurli1|139686|estExt_fgenesh1_kg.C_110035",37.9,-7e-17,3.88,"0%-85%","Both"
"144","jgi|Aurli1|139751|estExt_fgenesh1_kg.C_110102",507,-5e-60,25.06,"0%-85%","Both"
"145","jgi|Aurli1|139855|estExt_fgenesh1_kg.C_110206",170,-6e-84,25.78,"0%-85%","Both"
"146","jgi|Aurli1|139962|estExt_fgenesh1_kg.C_120021",492,-1e-173,34.71,"0%-85%","Both"
"147","jgi|Aurli1|140071|estExt_fgenesh1_kg.C_120131",325,-3e-95,30.99,"0%-85%","Both"
"148","jgi|Aurli1|140148|estExt_fgenesh1_kg.C_120211",440,-3e-166,21.37,"0%-85%","Both"
"149","jgi|Aurli1|140287|estExt_fgenesh1_kg.C_130124",128,-1e-111,24.47,"0%-85%","Both"
"150","jgi|Aurli1|140355|estExt_fgenesh1_kg.C_130198",425,0,31.49,"0%-85%","Both"
"151","jgi|Aurli1|140473|estExt_fgenesh1_kg.C_140058",423,-9e-44,20.98,"0%-85%","Both"
"152","jgi|Aurli1|140481|estExt_fgenesh1_kg.C_140068",516,-4e-20,45.83,"0%-85%","Both"
"153","jgi|Aurli1|140531|estExt_fgenesh1_kg.C_140119",379,0,25.3,"0%-85%","Both"
"154","jgi|Aurli1|140542|estExt_fgenesh1_kg.C_140131",96,-3e-79,26.99,"0%-85%","Both"
"155","jgi|Aurli1|140561|estExt_fgenesh1_kg.C_140151",86,-6e-58,27.41,"0%-85%","Both"
"156","jgi|Aurli1|140607|estExt_fgenesh1_kg.C_140197",270,-6e-155,28.97,"0%-85%","Both"
"157","jgi|Aurli1|140610|estExt_fgenesh1_kg.C_140200",400,-3e-30,34.58,"0%-85%","Both"
"158","jgi|Aurli1|140642|estExt_fgenesh1_kg.C_150031",122,-1e-22,38.85,"0%-85%","Both"
"159","jgi|Aurli1|140770|estExt_fgenesh1_kg.C_150166",100,-8e-135,23.68,"0%-85%","Both"
"160","jgi|Aurli1|140801|estExt_fgenesh1_kg.C_150197",78,-7e-78,14.9,"0%-85%","Both"
"161","jgi|Aurli1|140804|estExt_fgenesh1_kg.C_150200",242,0,18.91,"0%-85%","Both"
"162","jgi|Aurli1|140885|estExt_fgenesh1_kg.C_160055",133.9,-1e-05,34.81,"0%-85%","Both"
"163","jgi|Aurli1|140942|estExt_fgenesh1_kg.C_160115",103,-3e-112,23.4,"0%-85%","Both"
"164","jgi|Aurli1|140959|estExt_fgenesh1_kg.C_160132",339,0,26.88,"0%-85%","Both"
"165","jgi|Aurli1|141027|estExt_fgenesh1_kg.C_160200",33.9,-4.9999999999998e-17,18.92,"0%-85%","Both"
"166","jgi|Aurli1|141082|estExt_fgenesh1_kg.C_170054",125,-2e-146,13.72,"0%-85%","Both"
"167","jgi|Aurli1|141124|estExt_fgenesh1_kg.C_170098",506.3,-4e-19,35.9,"0%-85%","Both"
"168","jgi|Aurli1|141222|estExt_fgenesh1_kg.C_170199",154,0,16.35,"0%-85%","Both"
"169","jgi|Aurli1|141317|estExt_fgenesh1_kg.C_180093",362,-5e-62,30.3,"0%-85%","Both"
"170","jgi|Aurli1|141319|estExt_fgenesh1_kg.C_180095",62,-4e-76,20.14,"0%-85%","Both"
"171","jgi|Aurli1|141448|estExt_fgenesh1_kg.C_180232",64,-6e-55,21.68,"0%-85%","Both"
"172","jgi|Aurli1|141598|estExt_fgenesh1_kg.C_190158",227,-1e-137,24.02,"0%-85%","Both"
"173","jgi|Aurli1|141652|estExt_fgenesh1_kg.C_200046",173,0,17.92,"0%-85%","Both"
"174","jgi|Aurli1|141670|estExt_fgenesh1_kg.C_200065",193,-3e-90,32.2,"0%-85%","Both"
"175","jgi|Aurli1|141707|estExt_fgenesh1_kg.C_200102",477,0,25.47,"0%-85%","Both"
"176","jgi|Aurli1|142114|estExt_fgenesh1_kg.C_220131",230,-2e-131,21.87,"0%-85%","Both"
"177","jgi|Aurli1|142238|estExt_fgenesh1_kg.C_230101",193,-7e-117,29.13,"0%-85%","Both"
"178","jgi|Aurli1|142393|estExt_fgenesh1_kg.C_250029",444,0,32.11,"0%-85%","Both"
"179","jgi|Aurli1|142468|estExt_fgenesh1_kg.C_260006",313.6,-8e-14,30.58,"0%-85%","Both"
"180","jgi|Aurli1|142488|estExt_fgenesh1_kg.C_260026",392,-2e-23,39.44,"0%-85%","Both"
"181","jgi|Aurli1|142490|estExt_fgenesh1_kg.C_260028",551,-1e-119,43.65,"0%-85%","Both"
"182","jgi|Aurli1|142623|estExt_fgenesh1_kg.C_270077",49.3,-3e-21,19.15,"0%-85%","Both"
"183","jgi|Aurli1|142626|estExt_fgenesh1_kg.C_280002",102,-5e-164,17.38,"0%-85%","Both"
"184","jgi|Aurli1|142637|estExt_fgenesh1_kg.C_280013",143,-6e-124,22.58,"0%-85%","Both"
"185","jgi|Aurli1|142686|estExt_fgenesh1_kg.C_280069",94,-8e-94,24.89,"0%-85%","Both"
"186","jgi|Aurli1|142698|estExt_fgenesh1_kg.C_290011",370,0,27.95,"0%-85%","Both"
"187","jgi|Aurli1|142806|estExt_fgenesh1_kg.C_300048",110,0,12.35,"0%-85%","Both"
"188","jgi|Aurli1|142844|estExt_fgenesh1_kg.C_310027",124.3,-2e-18,28.43,"0%-85%","Both"
"189","jgi|Aurli1|142895|estExt_fgenesh1_kg.C_320024",226,0,17.47,"0%-85%","Both"
"190","jgi|Aurli1|142917|estExt_fgenesh1_kg.C_330018",14,0,-11.48,"0%-85%","Both"
"191","jgi|Aurli1|145675|estExt_Genemark1.C_5_t10425",167,-5e-110,20.39,"0%-85%","Both"
"192","jgi|Aurli1|146288|estExt_Genemark1.C_7_t10111",121,0,14.52,"0%-85%","Both"
"193","jgi|Aurli1|149380|estExt_Genemark1.C_160311",327,-2e-86,18.28,"0%-85%","Both"
"194","jgi|Aurli1|149581|estExt_Genemark1.C_170248",75,-4e-117,17.16,"0%-85%","Both"
"195","jgi|Aurli1|1874|gm1.1874_g",24,-1.9991e-48,9.75999999999999,"0%-85%","Both"
"196","jgi|Aurli1|2136|gm1.2136_g",189,0,15.46,"0%-85%","Both"
"197","jgi|Aurli1|243|gm1.243_g",246,-1e-37,36.72,"0%-85%","Both"
"198","jgi|Aurli1|2614|gm1.2614_g",273,0,18.46,"0%-85%","Both"
"199","jgi|Aurli1|28829|fgenesh1_pg.1_#_486",253.9,-0.003,34.92,"0%-85%","Both"
"200","jgi|Aurli1|30894|fgenesh1_pg.3_#_521",26,-2e-23,41.12,"0%-85%","Both"
"201","jgi|Aurli1|34306|fgenesh1_pg.9_#_302",382,0,30.38,"0%-85%","Both"
"202","jgi|Aurli1|34480|fgenesh1_pg.9_#_476",324.3,-3e-20,51.86,"0%-85%","Both"
"203","jgi|Aurli1|34765|fgenesh1_pg.10_#_176",512,-3e-26,36.33,"0%-85%","Both"
"204","jgi|Aurli1|35030|fgenesh1_pg.10_#_441",428,0,24.9,"0%-85%","Both"
"205","jgi|Aurli1|37145|fgenesh1_pg.15_#_265",125,-8e-94,22.27,"0%-85%","Both"
"206","jgi|Aurli1|3822|gm1.3822_g",23,-5.999999995e-67,1.34,"0%-85%","Both"
"207","jgi|Aurli1|38293|fgenesh1_pg.18_#_297",70,-7e-68,26.88,"0%-85%","Both"
"208","jgi|Aurli1|3947|gm1.3947_g",211,-4e-103,38.11,"0%-85%","Both"
"209","jgi|Aurli1|39605|fgenesh1_pg.22_#_259",212,0,22.36,"0%-85%","Both"
"210","jgi|Aurli1|40033|fgenesh1_pg.24_#_111",107,-5e-104,24.77,"0%-85%","Both"
"211","jgi|Aurli1|40066|fgenesh1_pg.24_#_144",359,-7e-77,43.09,"0%-85%","Both"
"212","jgi|Aurli1|40544|fgenesh1_pg.27_#_135",426.4,-3e-17,33.73,"0%-85%","Both"
"213","jgi|Aurli1|41608|fgenesh1_kg.1_#_28_#_isotig10730",60.4,-4e-24,30.3,"0%-85%","Both"
"214","jgi|Aurli1|41896|fgenesh1_kg.1_#_316_#_isotig07973",130,-4e-106,23.93,"0%-85%","Both"
"215","jgi|Aurli1|41994|fgenesh1_kg.1_#_414_#_isotig00449",42,-5e-34,24.39,"0%-85%","Both"
"216","jgi|Aurli1|42009|fgenesh1_kg.1_#_429_#_isotig10473",108,-2e-52,26.48,"0%-85%","Both"
"217","jgi|Aurli1|42084|fgenesh1_kg.1_#_504_#_isotig00446",120,-2e-134,23.08,"0%-85%","Both"
"218","jgi|Aurli1|42092|fgenesh1_kg.1_#_512_#_isotig00653",150,-1e-135,24.54,"0%-85%","Both"
"219","jgi|Aurli1|42098|fgenesh1_kg.1_#_518_#_isotig01722",209.6,-0.002,51.8,"0%-85%","Both"
"220","jgi|Aurli1|42143|fgenesh1_kg.1_#_563_#_isotig00479",301,-1e-99,37.88,"0%-85%","Both"
"221","jgi|Aurli1|42193|fgenesh1_kg.1_#_613_#_isotig05571",179,-5e-62,24.17,"0%-85%","Both"
"222","jgi|Aurli1|42195|fgenesh1_kg.1_#_615_#_isotig00254",125,0,15.68,"0%-85%","Both"
"223","jgi|Aurli1|42238|fgenesh1_kg.1_#_658_#_isotig00962",237,-8e-139,25.69,"0%-85%","Both"
"224","jgi|Aurli1|42278|fgenesh1_kg.2_#_6_#_isotig06234",120,-9e-89,24.2,"0%-85%","Both"
"225","jgi|Aurli1|42396|fgenesh1_kg.2_#_124_#_isotig01004",17,-8.99995e-58,12.23,"0%-85%","Both"
"226","jgi|Aurli1|42411|fgenesh1_kg.2_#_139_#_isotig07966",104,-8e-108,20.32,"0%-85%","Both"
"227","jgi|Aurli1|42438|fgenesh1_kg.2_#_166_#_isotig07921",114,-2e-52,33.33,"0%-85%","Both"
"228","jgi|Aurli1|42502|fgenesh1_kg.2_#_230_#_isotig03525",275.5,-0.012,32.8,"0%-85%","Both"
"229","jgi|Aurli1|42652|fgenesh1_kg.2_#_380_#_isotig07022",117,-1e-149,15.78,"0%-85%","Both"
"230","jgi|Aurli1|42704|fgenesh1_kg.2_#_432_#_isotig10042",162,-2e-52,26.63,"0%-85%","Both"
"231","jgi|Aurli1|42867|fgenesh1_kg.3_#_125_#_isotig06603",108.8,-9e-12,21.89,"0%-85%","Both"
"232","jgi|Aurli1|42915|fgenesh1_kg.3_#_173_#_isotig06383",184,-1e-66,36.85,"0%-85%","Both"
"233","jgi|Aurli1|42941|fgenesh1_kg.3_#_199_#_isotig03184",343,0,21.38,"0%-85%","Both"
"234","jgi|Aurli1|42973|fgenesh1_kg.3_#_231_#_isotig05435",160,0,17.51,"0%-85%","Both"
"235","jgi|Aurli1|43039|fgenesh1_kg.3_#_297_#_isotig07182",297,-2e-26,53.44,"0%-85%","Both"
"236","jgi|Aurli1|43122|fgenesh1_kg.4_#_15_#_isotig08388",233.7,-4e-04,45.09,"0%-85%","Both"
"237","jgi|Aurli1|43167|fgenesh1_kg.4_#_60_#_isotig00583",216,-2e-125,22.5,"0%-85%","Both"
"238","jgi|Aurli1|43476|fgenesh1_kg.5_#_44_#_isotig01693",30,-9.99999999998e-80,9.7,"0%-85%","Both"
"239","jgi|Aurli1|43700|fgenesh1_kg.5_#_268_#_isotig03681",369,0,27.01,"0%-85%","Both"
"240","jgi|Aurli1|43807|fgenesh1_kg.6_#_23_#_isotig09612",51,-2e-70,12.05,"0%-85%","Both"
"241","jgi|Aurli1|43822|fgenesh1_kg.6_#_38_#_isotig00857",125,-1e-79,26.55,"0%-85%","Both"
"242","jgi|Aurli1|43893|fgenesh1_kg.6_#_109_#_isotig03529",311,-2e-160,28.47,"0%-85%","Both"
"243","jgi|Aurli1|43908|fgenesh1_kg.6_#_124_#_isotig01718",149,-3e-62,30.87,"0%-85%","Both"
"244","jgi|Aurli1|43941|fgenesh1_kg.6_#_157_#_isotig08445",71,-7e-78,19.34,"0%-85%","Both"
"245","jgi|Aurli1|44028|fgenesh1_kg.6_#_244_#_isotig07863",111,-6e-124,23.95,"0%-85%","Both"
"246","jgi|Aurli1|44030|fgenesh1_kg.6_#_246_#_isotig02880",432,0,29.18,"0%-85%","Both"
"247","jgi|Aurli1|44178|fgenesh1_kg.7_#_84_#_isotig00940",107,-1e-120,21.59,"0%-85%","Both"
"248","jgi|Aurli1|44258|fgenesh1_kg.7_#_164_#_isotig01402",259,-4e-121,29.11,"0%-85%","Both"
"249","jgi|Aurli1|44270|fgenesh1_kg.7_#_176_#_isotig06953",338,-3e-29,28.24,"0%-85%","Both"
"250","jgi|Aurli1|44289|fgenesh1_kg.7_#_195_#_isotig00680",365,-1e-125,32.69,"0%-85%","Both"
"251","jgi|Aurli1|44292|fgenesh1_kg.7_#_198_#_isotig02619",378,-3e-25,18.59,"0%-85%","Both"
"252","jgi|Aurli1|44339|fgenesh1_kg.7_#_245_#_isotig09859",77,-6e-54,16.47,"0%-85%","Both"
"253","jgi|Aurli1|44404|fgenesh1_kg.7_#_310_#_isotig03337",347,0,22.2,"0%-85%","Both"
"254","jgi|Aurli1|44415|fgenesh1_kg.8_#_9_#_isotig08717",248.3,-5e-22,45.99,"0%-85%","Both"
"255","jgi|Aurli1|44417|fgenesh1_kg.8_#_11_#_isotig00481",133,-1e-59,34.95,"0%-85%","Both"
"256","jgi|Aurli1|44584|fgenesh1_kg.8_#_178_#_isotig05903",188,0,25.93,"0%-85%","Both"
"257","jgi|Aurli1|44810|fgenesh1_kg.9_#_118_#_isotig06104",197,-9e-99,36,"0%-85%","Both"
"258","jgi|Aurli1|44883|fgenesh1_kg.9_#_191_#_isotig04243",360,-4e-91,39.47,"0%-85%","Both"
"259","jgi|Aurli1|44933|fgenesh1_kg.9_#_241_#_isotig04220",277,-2e-99,33.96,"0%-85%","Both"
"260","jgi|Aurli1|44962|fgenesh1_kg.9_#_270_#_isotig03888",354,-1e-148,32.47,"0%-85%","Both"
"261","jgi|Aurli1|45091|fgenesh1_kg.10_#_78_#_isotig05745",208,-1e-92,30.5,"0%-85%","Both"
"262","jgi|Aurli1|45175|fgenesh1_kg.10_#_162_#_isotig03904",325,-2e-132,37.01,"0%-85%","Both"
"263","jgi|Aurli1|45185|fgenesh1_kg.10_#_172_#_isotig03784",342,0,28.11,"0%-85%","Both"
"264","jgi|Aurli1|45216|fgenesh1_kg.10_#_203_#_isotig05009",230,0,22.39,"0%-85%","Both"
"265","jgi|Aurli1|45223|fgenesh1_kg.10_#_210_#_isotig07214",309,-2e-85,45.04,"0%-85%","Both"
"266","jgi|Aurli1|45357|fgenesh1_kg.11_#_16_#_isotig00585",45,-4.9999999993e-79,21.63,"0%-85%","Both"
"267","jgi|Aurli1|45395|fgenesh1_kg.11_#_54_#_isotig01738",26,-1.99999999993e-78,13.85,"0%-85%","Both"
"268","jgi|Aurli1|45412|fgenesh1_kg.11_#_71_#_isotig01627",251,0,23.79,"0%-85%","Both"
"269","jgi|Aurli1|45449|fgenesh1_kg.11_#_108_#_isotig04850",327,-5e-108,22.3,"0%-85%","Both"
"270","jgi|Aurli1|45537|fgenesh1_kg.11_#_196_#_isotig05308",460,-5e-38,51.2,"0%-85%","Both"
"271","jgi|Aurli1|45551|fgenesh1_kg.11_#_210_#_isotig01742",94,-2e-35,30.35,"0%-85%","Both"
"272","jgi|Aurli1|45810|fgenesh1_kg.12_#_175_#_isotig10864",65,-3e-91,18.1,"0%-85%","Both"
"273","jgi|Aurli1|45900|fgenesh1_kg.13_#_32_#_isotig01681",189,-2e-126,23.92,"0%-85%","Both"
"274","jgi|Aurli1|45927|fgenesh1_kg.13_#_59_#_isotig06663",159,-3e-121,26.4,"0%-85%","Both"
"275","jgi|Aurli1|45936|fgenesh1_kg.13_#_68_#_isotig08696",111,-7e-63,25.53,"0%-85%","Both"
"276","jgi|Aurli1|45959|fgenesh1_kg.13_#_91_#_isotig00154",40,-7e-45,20.69,"0%-85%","Both"
"277","jgi|Aurli1|46037|fgenesh1_kg.13_#_169_#_isotig02770",225,-1e-113,11.29,"0%-85%","Both"
"278","jgi|Aurli1|46070|fgenesh1_kg.13_#_202_#_isotig04506",225.4,-0.001,8.88,"0%-85%","Both"
"279","jgi|Aurli1|46117|fgenesh1_kg.13_#_249_#_isotig04227",465,-7e-134,37.39,"0%-85%","Both"
"280","jgi|Aurli1|46127|fgenesh1_kg.13_#_259_#_isotig07405",57,-1e-81,16.12,"0%-85%","Both"
"281","jgi|Aurli1|46169|fgenesh1_kg.14_#_33_#_isotig00455",371,0,31.13,"0%-85%","Both"
"282","jgi|Aurli1|46177|fgenesh1_kg.14_#_41_#_isotig05280",-18,0,2.14,"0%-85%","Both"
"283","jgi|Aurli1|46198|fgenesh1_kg.14_#_62_#_isotig00633",194,0,11.87,"0%-85%","Both"
"284","jgi|Aurli1|46246|fgenesh1_kg.14_#_110_#_isotig05329",247,0,21.44,"0%-85%","Both"
"285","jgi|Aurli1|46347|fgenesh1_kg.15_#_10_#_isotig00687",177,-6e-150,23.21,"0%-85%","Both"
"286","jgi|Aurli1|46348|fgenesh1_kg.15_#_11_#_isotig04937",323,-4e-41,54.86,"0%-85%","Both"
"287","jgi|Aurli1|46525|fgenesh1_kg.15_#_188_#_isotig05154",98,0,15.71,"0%-85%","Both"
"288","jgi|Aurli1|46627|fgenesh1_kg.16_#_59_#_isotig01436",341,0,31.84,"0%-85%","Both"
"289","jgi|Aurli1|46635|fgenesh1_kg.16_#_67_#_isotig06873",188,-3e-105,29,"0%-85%","Both"
"290","jgi|Aurli1|46720|fgenesh1_kg.16_#_152_#_isotig06781",221,-7e-163,26.12,"0%-85%","Both"
"291","jgi|Aurli1|46847|fgenesh1_kg.17_#_76_#_isotig07188",342,-1e-23,46.23,"0%-85%","Both"
"292","jgi|Aurli1|46877|fgenesh1_kg.17_#_106_#_isotig06435",280,-3e-47,37.29,"0%-85%","Both"
"293","jgi|Aurli1|46880|fgenesh1_kg.17_#_109_#_isotig03928",470,-1e-177,41.13,"0%-85%","Both"
"294","jgi|Aurli1|46910|fgenesh1_kg.17_#_139_#_isotig01293",359,0,29.14,"0%-85%","Both"
"295","jgi|Aurli1|46923|fgenesh1_kg.17_#_152_#_isotig01506",121,-1e-32,38.12,"0%-85%","Both"
"296","jgi|Aurli1|46997|fgenesh1_kg.18_#_18_#_isotig06081",326,-4e-109,32.37,"0%-85%","Both"
"297","jgi|Aurli1|47005|fgenesh1_kg.18_#_26_#_isotig05075",31,-2e-124,33.16,"0%-85%","Both"
"298","jgi|Aurli1|47088|fgenesh1_kg.18_#_109_#_isotig09774",92,-8e-52,26.35,"0%-85%","Both"
"299","jgi|Aurli1|47351|fgenesh1_kg.19_#_137_#_isotig08709",72,-9e-119,17.04,"0%-85%","Both"
"300","jgi|Aurli1|47403|fgenesh1_kg.20_#_17_#_isotig05694",160,-8e-152,21.75,"0%-85%","Both"
"301","jgi|Aurli1|47450|fgenesh1_kg.20_#_64_#_isotig08212",176,-5e-45,33.61,"0%-85%","Both"
"302","jgi|Aurli1|47525|fgenesh1_kg.20_#_139_#_isotig03923",179,-2e-130,11.04,"0%-85%","Both"
"303","jgi|Aurli1|47601|fgenesh1_kg.20_#_215_#_isotig04822",185,0,18.75,"0%-85%","Both"
"304","jgi|Aurli1|47709|fgenesh1_kg.21_#_101_#_isotig01398",181,0,18.67,"0%-85%","Both"
"305","jgi|Aurli1|47823|fgenesh1_kg.22_#_32_#_isotig06217",349,-6e-40,41.53,"0%-85%","Both"
"306","jgi|Aurli1|47829|fgenesh1_kg.22_#_38_#_isotig07834",319,-3e-79,45.53,"0%-85%","Both"
"307","jgi|Aurli1|47839|fgenesh1_kg.22_#_48_#_isotig06465",238,-1e-74,31.3,"0%-85%","Both"
"308","jgi|Aurli1|47930|fgenesh1_kg.22_#_139_#_isotig01156",-139,0,24.4,"0%-85%","Both"
"309","jgi|Aurli1|47995|fgenesh1_kg.23_#_44_#_isotig01097",274,0,26.27,"0%-85%","Both"
"310","jgi|Aurli1|48031|fgenesh1_kg.23_#_80_#_isotig03702",421,0,26.43,"0%-85%","Both"
"311","jgi|Aurli1|48045|fgenesh1_kg.23_#_94_#_isotig05907",191,-2e-115,22.83,"0%-85%","Both"
"312","jgi|Aurli1|48072|fgenesh1_kg.23_#_121_#_isotig01694",309,-4e-27,43.28,"0%-85%","Both"
"313","jgi|Aurli1|48245|fgenesh1_kg.25_#_40_#_isotig05904",234,-5e-133,29.83,"0%-85%","Both"
"314","jgi|Aurli1|48330|fgenesh1_kg.26_#_22_#_isotig05465",239,-2e-31,27.54,"0%-85%","Both"
"315","jgi|Aurli1|48454|fgenesh1_kg.27_#_56_#_isotig05634",240,0,23.85,"0%-85%","Both"
"316","jgi|Aurli1|48468|fgenesh1_kg.27_#_70_#_isotig02865",488,-4e-160,35.2,"0%-85%","Both"
"317","jgi|Aurli1|48616|fgenesh1_kg.29_#_70_#_isotig05214",348,-4e-118,38.05,"0%-85%","Both"
"318","jgi|Aurli1|48674|fgenesh1_kg.30_#_55_#_isotig07383",249,-1e-103,36.04,"0%-85%","Both"
"319","jgi|Aurli1|48707|fgenesh1_kg.31_#_28_#_isotig00528",84,-1e-137,17.91,"0%-85%","Both"
"320","jgi|Aurli1|49344|gw1.6.15.1",253,-1e-42,41.5,"0%-85%","Both"
"321","jgi|Aurli1|50876|gw1.21.48.1",522,-1e-94,37.8,"0%-85%","Both"
"322","jgi|Aurli1|51772|gw1.13.100.1",151.5,-2e-20,41.46,"0%-85%","Both"
"323","jgi|Aurli1|52765|gw1.10.157.1",212,-1e-102,32.37,"0%-85%","Both"
"324","jgi|Aurli1|54189|gw1.10.209.1",130,-9e-99,23.15,"0%-85%","Both"
"325","jgi|Aurli1|5476|gm1.5476_g",283,0,28.38,"0%-85%","Both"
"326","jgi|Aurli1|55737|gw1.30.65.1",122,-1e-31,27.3,"0%-85%","Both"
"327","jgi|Aurli1|55836|gw1.17.143.1",170,-2e-86,32.13,"0%-85%","Both"
"328","jgi|Aurli1|56523|gw1.6.318.1",51.2,-7e-23,11.63,"0%-85%","Both"
"329","jgi|Aurli1|57046|gw1.11.269.1",41.4,-9.9999999999999e-16,17.26,"0%-85%","Both"
"330","jgi|Aurli1|57766|gw1.13.283.1",296,-3e-38,34.13,"0%-85%","Both"
"331","jgi|Aurli1|58407|gw1.1.971.1",186,-1e-141,24.3,"0%-85%","Both"
"332","jgi|Aurli1|58598|gw1.1.987.1",259,-2e-35,37.96,"0%-85%","Both"
"333","jgi|Aurli1|58680|gw1.3.468.1",251,-7e-50,46.67,"0%-85%","Both"
"334","jgi|Aurli1|59396|gw1.1.1075.1",85,-4e-18,36.9,"0%-85%","Both"
"335","jgi|Aurli1|60133|gw1.2.631.1",61.1,-5e-18,38.24,"0%-85%","Both"
"336","jgi|Aurli1|60936|gw1.10.517.1",200,-2e-147,27.9,"0%-85%","Both"
"337","jgi|Aurli1|61326|gw1.14.346.1",210,-1e-88,29.57,"0%-85%","Both"
"338","jgi|Aurli1|6170|gm1.6170_g",186,-4e-135,26.79,"0%-85%","Both"
"339","jgi|Aurli1|61706|gw1.13.410.1",207,0,21.38,"0%-85%","Both"
"340","jgi|Aurli1|6201|gm1.6201_g",216,-6e-25,28.69,"0%-85%","Both"
"341","jgi|Aurli1|62156|gw1.12.444.1",99,-3e-20,34.72,"0%-85%","Both"
"342","jgi|Aurli1|63051|gw1.23.280.1",128,-3e-55,19.7,"0%-85%","Both"
"343","jgi|Aurli1|63582|gw1.10.632.1",3,0,0,"0%-85%","Both"
"344","jgi|Aurli1|65144|gw1.6.735.1",95,-1e-72,21.58,"0%-85%","Both"
"345","jgi|Aurli1|66133|gw1.12.565.1",132,-2e-104,24.43,"0%-85%","Both"
"346","jgi|Aurli1|67075|gw1.2.1109.1",204,-4e-83,37.08,"0%-85%","Both"
"347","jgi|Aurli1|67136|gw1.28.159.1",319,-2e-154,33.15,"0%-85%","Both"
"348","jgi|Aurli1|67186|gw1.19.462.1",85.9,-4e-21,38.25,"0%-85%","Both"
"349","jgi|Aurli1|68727|e_gw1.1.108.1",71,-4e-72,20.09,"0%-85%","Both"
"350","jgi|Aurli1|68789|e_gw1.1.1757.1",268,0,18.9,"0%-85%","Both"
"351","jgi|Aurli1|68849|e_gw1.1.872.1",121,-8e-145,21.64,"0%-85%","Both"
"352","jgi|Aurli1|69078|e_gw1.1.250.1",16,-9.999995e-53,12.46,"0%-85%","Both"
"353","jgi|Aurli1|69326|e_gw1.1.1570.1",122,-3e-32,28.41,"0%-85%","Both"
"354","jgi|Aurli1|69580|e_gw1.1.732.1",388,-6e-56,39.4,"0%-85%","Both"
"355","jgi|Aurli1|69658|e_gw1.1.424.1",76,-2e-144,11.68,"0%-85%","Both"
"356","jgi|Aurli1|69685|e_gw1.1.1050.1",57,-1e-65,20.98,"0%-85%","Both"
"357","jgi|Aurli1|70240|e_gw1.2.1117.1",171,-3e-177,16.29,"0%-85%","Both"
"358","jgi|Aurli1|70273|e_gw1.2.533.1",400,0,33.2,"0%-85%","Both"
"359","jgi|Aurli1|70288|e_gw1.2.344.1",23,-1.999999997e-134,5.27999999999999,"0%-85%","Both"
"360","jgi|Aurli1|70776|e_gw1.2.797.1",63,-1e-102,17.56,"0%-85%","Both"
"361","jgi|Aurli1|70895|e_gw1.2.994.1",83,-2e-105,19.95,"0%-85%","Both"
"362","jgi|Aurli1|70957|e_gw1.2.247.1",398,0,25.24,"0%-85%","Both"
"363","jgi|Aurli1|70975|e_gw1.2.53.1",143,-7e-124,14.84,"0%-85%","Both"
"364","jgi|Aurli1|71098|e_gw1.2.833.1",251.5,-6e-20,53.61,"0%-85%","Both"
"365","jgi|Aurli1|71528|e_gw1.3.218.1",163,-6e-99,35.01,"0%-85%","Both"
"366","jgi|Aurli1|71960|e_gw1.3.648.1",283,0,18.35,"0%-85%","Both"
"367","jgi|Aurli1|72566|e_gw1.4.6.1",434,-1e-161,25.33,"0%-85%","Both"
"368","jgi|Aurli1|73555|e_gw1.5.72.1",456,0,24.46,"0%-85%","Both"
"369","jgi|Aurli1|73614|e_gw1.5.671.1",117,-7e-84,25.49,"0%-85%","Both"
"370","jgi|Aurli1|73779|e_gw1.6.591.1",264,0,26.41,"0%-85%","Both"
"371","jgi|Aurli1|73845|e_gw1.6.326.1",-182,0,-15.94,"0%-85%","Both"
"372","jgi|Aurli1|74703|e_gw1.7.570.1",352,-8e-37,47.77,"0%-85%","Both"
"373","jgi|Aurli1|74803|e_gw1.7.746.1",78,-2e-108,14.69,"0%-85%","Both"
"374","jgi|Aurli1|74907|e_gw1.7.60.1",328,-8e-29,47.64,"0%-85%","Both"
"375","jgi|Aurli1|75220|e_gw1.7.647.1",240,-2e-103,22.77,"0%-85%","Both"
"376","jgi|Aurli1|75654|e_gw1.8.659.1",195,-1e-33,48.18,"0%-85%","Both"
"377","jgi|Aurli1|76441|e_gw1.9.362.1",260,-9e-150,29.34,"0%-85%","Both"
"378","jgi|Aurli1|76694|e_gw1.9.614.1",198,-3e-47,31.6,"0%-85%","Both"
"379","jgi|Aurli1|76810|e_gw1.9.644.1",363,-4e-109,43.01,"0%-85%","Both"
"380","jgi|Aurli1|77181|e_gw1.10.93.1",246,-4e-120,28.66,"0%-85%","Both"
"381","jgi|Aurli1|77712|e_gw1.10.428.1",383,-4e-80,41.63,"0%-85%","Both"
"382","jgi|Aurli1|78450|e_gw1.12.485.1",150,0,16.46,"0%-85%","Both"
"383","jgi|Aurli1|79000|e_gw1.12.329.1",154,-6e-139,23.19,"0%-85%","Both"
"384","jgi|Aurli1|79063|e_gw1.13.436.1",389,-2e-172,30.75,"0%-85%","Both"
"385","jgi|Aurli1|79105|e_gw1.13.91.1",517,0,28.56,"0%-85%","Both"
"386","jgi|Aurli1|79468|e_gw1.13.206.1",247,0,24.54,"0%-85%","Both"
"387","jgi|Aurli1|79519|e_gw1.13.435.1",308,-5e-44,46.87,"0%-85%","Both"
"388","jgi|Aurli1|80070|e_gw1.14.513.1",192,-2e-88,28.97,"0%-85%","Both"
"389","jgi|Aurli1|80100|e_gw1.14.409.1",175,-5e-45,41.84,"0%-85%","Both"
"390","jgi|Aurli1|80143|e_gw1.14.364.1",198,-5e-178,22.16,"0%-85%","Both"
"391","jgi|Aurli1|80217|e_gw1.15.163.1",344,-2e-90,34.68,"0%-85%","Both"
"392","jgi|Aurli1|80810|e_gw1.16.380.1",50,-2e-52,17.05,"0%-85%","Both"
"393","jgi|Aurli1|80982|e_gw1.16.122.1",424,-4e-53,39.54,"0%-85%","Both"
"394","jgi|Aurli1|81116|e_gw1.16.322.1",187,0,21.13,"0%-85%","Both"
"395","jgi|Aurli1|81320|e_gw1.17.64.1",187,0,18.39,"0%-85%","Both"
"396","jgi|Aurli1|814|gm1.814_g",381,-4e-70,23.95,"0%-85%","Both"
"397","jgi|Aurli1|81934|e_gw1.18.397.1",332,0,26.71,"0%-85%","Both"
"398","jgi|Aurli1|82080|e_gw1.18.253.1",517,0,33.56,"0%-85%","Both"
"399","jgi|Aurli1|82186|e_gw1.18.176.1",236,0,23.19,"0%-85%","Both"
"400","jgi|Aurli1|82725|e_gw1.20.258.1",198,-3e-148,19.15,"0%-85%","Both"
"401","jgi|Aurli1|82949|e_gw1.20.20.1",262,0,26.6,"0%-85%","Both"
"402","jgi|Aurli1|83165|e_gw1.20.376.1",56.7,-3e-18,38.69,"0%-85%","Both"
"403","jgi|Aurli1|83237|e_gw1.21.301.1",338,0,26.74,"0%-85%","Both"
"404","jgi|Aurli1|83274|e_gw1.21.304.1",177,-2e-100,31.08,"0%-85%","Both"
"405","jgi|Aurli1|83394|e_gw1.21.20.1",38,-3.99999999999999e-77,9.84,"0%-85%","Both"
"406","jgi|Aurli1|83486|e_gw1.21.366.1",-1538,0,-20.71,"0%-85%","Both"
"407","jgi|Aurli1|83581|e_gw1.21.385.1",371,0,26.16,"0%-85%","Both"
"408","jgi|Aurli1|83618|e_gw1.21.217.1",100,-9e-46,24.57,"0%-85%","Both"
"409","jgi|Aurli1|8387|gm1.8387_g",228,0,11.09,"0%-85%","Both"
"410","jgi|Aurli1|84164|e_gw1.23.146.1",437,-3e-71,46.81,"0%-85%","Both"
"411","jgi|Aurli1|84347|e_gw1.23.281.1",184,-5e-127,25.66,"0%-85%","Both"
"412","jgi|Aurli1|8441|gm1.8441_g",181,-7e-162,21.59,"0%-85%","Both"
"413","jgi|Aurli1|84665|e_gw1.25.115.1",271,0,24.58,"0%-85%","Both"
"414","jgi|Aurli1|85053|e_gw1.27.43.1",287,0,24.05,"0%-85%","Both"
"415","jgi|Aurli1|85466|e_gw1.29.112.1",115,-2e-113,24.12,"0%-85%","Both"
"416","jgi|Aurli1|85612|e_gw1.30.76.1",325,-3e-88,32.8,"0%-85%","Both"
"417","jgi|Aurli1|85647|e_gw1.30.1.1",35,0,5.16,"0%-85%","Both"
"418","jgi|Aurli1|91654|estExt_Genewise1.C_7_t20133",333,-3e-65,54.23,"0%-85%","Both"
"419","jgi|Aurli1|96710|estExt_Genewise1.C_17_t10488",45,-3e-45,16.31,"0%-85%","Both"
"420","jgi|Aurli1|97114|estExt_Genewise1.C_190018",302,-8e-97,37.88,"0%-85%","Both"
"421","jgi|Aurli1|9881|gm1.9881_g",353,-1e-78,29.65,"0%-85%","Both"
"422","jgi|Aurli1|104882|estExt_Genewise1Plus.C_7_t10208",559,0,19.89,"85%-90%","Both"
"423","jgi|Aurli1|137187|estExt_fgenesh1_kg.C_30042",552,0,30.36,"85%-90%","Both"
"424","jgi|Aurli1|137636|estExt_fgenesh1_kg.C_40143",597,0,12.88,"85%-90%","Both"
"425","jgi|Aurli1|138216|estExt_fgenesh1_kg.C_60067",640,0,26.24,"85%-90%","Both"
"426","jgi|Aurli1|138458|estExt_fgenesh1_kg.C_70012",622.5,-6e-08,45.74,"85%-90%","Both"
"427","jgi|Aurli1|138585|estExt_fgenesh1_kg.C_70143",649,0,26.23,"85%-90%","Both"
"428","jgi|Aurli1|139586|estExt_fgenesh1_kg.C_100260",615,-7e-34,51.35,"85%-90%","Both"
"429","jgi|Aurli1|140453|estExt_fgenesh1_kg.C_140035",593,-5e-104,40.88,"85%-90%","Both"
"430","jgi|Aurli1|140579|estExt_fgenesh1_kg.C_140169",591,-1e-53,37.96,"85%-90%","Both"
"431","jgi|Aurli1|141478|estExt_fgenesh1_kg.C_190031",655,-4e-64,54.03,"85%-90%","Both"
"432","jgi|Aurli1|142428|estExt_fgenesh1_kg.C_250065",654,0,34.68,"85%-90%","Both"
"433","jgi|Aurli1|142566|estExt_fgenesh1_kg.C_270019",653,-3e-124,15.46,"85%-90%","Both"
"434","jgi|Aurli1|43854|fgenesh1_kg.6_#_70_#_isotig02867",618,-1e-106,31.03,"85%-90%","Both"
"435","jgi|Aurli1|44342|fgenesh1_kg.7_#_248_#_isotig02624",618,-9e-176,20.43,"85%-90%","Both"
"436","jgi|Aurli1|44487|fgenesh1_kg.8_#_81_#_isotig03290",678,-3e-173,33.43,"85%-90%","Both"
"437","jgi|Aurli1|46582|fgenesh1_kg.16_#_14_#_isotig00692",651,-3e-37,55.61,"85%-90%","Both"
"438","jgi|Aurli1|47705|fgenesh1_kg.21_#_97_#_isotig03537",558,-9e-71,19.6,"85%-90%","Both"
"439","jgi|Aurli1|55246|gw1.12.222.1",559,-3e-84,35.44,"85%-90%","Both"
"440","jgi|Aurli1|56791|gw1.3.369.1",652,-2e-146,39.75,"85%-90%","Both"
"441","jgi|Aurli1|74302|e_gw1.6.601.1",616,0,35.7,"85%-90%","Both"
"442","jgi|Aurli1|80369|e_gw1.15.224.1",604,-1e-124,41.61,"85%-90%","Both"
"443","jgi|Aurli1|98848|estExt_Genewise1.C_240188",656,0,28.93,"85%-90%","Both"
"444","jgi|Aurli1|136098|estExt_fgenesh1_kg.C_1_t10081",879,0,23.82,"90%-95%","Both"
"445","jgi|Aurli1|136308|estExt_fgenesh1_kg.C_1_t10300",689,-5e-43,48.6,"90%-95%","Both"
"446","jgi|Aurli1|137280|estExt_fgenesh1_kg.C_30137",783,-3e-158,41.28,"90%-95%","Both"
"447","jgi|Aurli1|137600|estExt_fgenesh1_kg.C_40107",840,-7e-107,35.98,"90%-95%","Both"
"448","jgi|Aurli1|139747|estExt_fgenesh1_kg.C_110098",768,0,42.96,"90%-95%","Both"
"449","jgi|Aurli1|140756|estExt_fgenesh1_kg.C_150152",757,0,30.24,"90%-95%","Both"
"450","jgi|Aurli1|141352|estExt_fgenesh1_kg.C_180129",761,0,39.14,"90%-95%","Both"
"451","jgi|Aurli1|141485|estExt_fgenesh1_kg.C_190039",755,0,27.19,"90%-95%","Both"
"452","jgi|Aurli1|142380|estExt_fgenesh1_kg.C_250016",729,-7e-136,37.29,"90%-95%","Both"
"453","jgi|Aurli1|142771|estExt_fgenesh1_kg.C_300011",835,0,36.15,"90%-95%","Both"
"454","jgi|Aurli1|142887|estExt_fgenesh1_kg.C_320015",757,0,25.4,"90%-95%","Both"
"455","jgi|Aurli1|143491|estExt_Genemark1.C_1_t20010",879.7,-6e-15,48.38,"90%-95%","Both"
"456","jgi|Aurli1|35957|fgenesh1_pg.12_#_284",771.8,-4e-16,36.15,"90%-95%","Both"
"457","jgi|Aurli1|41946|fgenesh1_kg.1_#_366_#_isotig03257",772,-2e-153,46.3,"90%-95%","Both"
"458","jgi|Aurli1|42384|fgenesh1_kg.2_#_112_#_isotig01206",852,0,33.5,"90%-95%","Both"
"459","jgi|Aurli1|46884|fgenesh1_kg.17_#_113_#_isotig02303",764,0,36.13,"90%-95%","Both"
"460","jgi|Aurli1|47873|fgenesh1_kg.22_#_82_#_isotig02279",792,0,35.52,"90%-95%","Both"
"461","jgi|Aurli1|67521|gw1.9.837.1",699,-6e-159,42.47,"90%-95%","Both"
"462","jgi|Aurli1|68400|e_gw1.1.1431.1",689,0,33.73,"90%-95%","Both"
"463","jgi|Aurli1|71350|e_gw1.3.667.1",768,0,38.5,"90%-95%","Both"
"464","jgi|Aurli1|75346|e_gw1.7.51.1",709,-2e-61,57.31,"90%-95%","Both"
"465","jgi|Aurli1|76014|e_gw1.8.404.1",697,-6e-119,18.64,"90%-95%","Both"
"466","jgi|Aurli1|77159|e_gw1.10.163.1",740,-2e-169,31.54,"90%-95%","Both"
"467","jgi|Aurli1|83660|e_gw1.22.29.1",821,0,35.31,"90%-95%","Both"
"468","jgi|Aurli1|137175|estExt_fgenesh1_kg.C_30030",1048,-8e-65,37.84,"95%-97.5%","Both"
"469","jgi|Aurli1|140047|estExt_fgenesh1_kg.C_120107",1038,0,29.08,"95%-97.5%","Both"
"470","jgi|Aurli1|140207|estExt_fgenesh1_kg.C_130041",881,-8e-126,24.39,"95%-97.5%","Both"
"471","jgi|Aurli1|141416|estExt_fgenesh1_kg.C_180195",1039,0,44.02,"95%-97.5%","Both"
"472","jgi|Aurli1|141865|estExt_fgenesh1_kg.C_210051",1013,0,38.01,"95%-97.5%","Both"
"473","jgi|Aurli1|142158|estExt_fgenesh1_kg.C_230020",1032,0,26.32,"95%-97.5%","Both"
"474","jgi|Aurli1|142511|estExt_fgenesh1_kg.C_260050",884,-5e-41,31.65,"95%-97.5%","Both"
"475","jgi|Aurli1|45653|fgenesh1_kg.12_#_18_#_isotig02477",1152,-9e-146,46.87,"95%-97.5%","Both"
"476","jgi|Aurli1|46343|fgenesh1_kg.15_#_6_#_isotig00258",1157,-2e-102,30.58,"95%-97.5%","Both"
"477","jgi|Aurli1|77767|e_gw1.10.677.1",952,0,37,"95%-97.5%","Both"
"478","jgi|Aurli1|8356|gm1.8356_g",993,-8e-78,32.07,"95%-97.5%","Both"
"479","jgi|Aurli1|136048|estExt_fgenesh1_kg.C_1_t10031",1274,-1e-174,49.87,"97.5%-100%","Both"
"480","jgi|Aurli1|137113|estExt_fgenesh1_kg.C_20436",1455,-1e-108,39.61,"97.5%-100%","Both"
"481","jgi|Aurli1|137957|estExt_fgenesh1_kg.C_50153",1169,0,35,"97.5%-100%","Both"
"482","jgi|Aurli1|141672|estExt_fgenesh1_kg.C_200067",2843,0,31.57,"97.5%-100%","Both"
"483","jgi|Aurli1|36581|fgenesh1_pg.14_#_57",4487,0,42.55,"97.5%-100%","Both"
"484","jgi|Aurli1|40261|fgenesh1_pg.26_#_8",2442,-5e-68,-5.36,"97.5%-100%","Both"
"485","jgi|Aurli1|42124|fgenesh1_kg.1_#_544_#_isotig02116",1167,-3e-36,38.78,"97.5%-100%","Both"
"486","jgi|Aurli1|42810|fgenesh1_kg.3_#_68_#_isotig01841",1410,0,31.2,"97.5%-100%","Both"
"487","jgi|Aurli1|46809|fgenesh1_kg.17_#_38_#_isotig01926",1252,0,39.32,"97.5%-100%","Both"
"488","jgi|Aurli1|77776|e_gw1.10.692.1",3605,0,34.32,"97.5%-100%","Both"
"489","jgi|Aurli1|96374|estExt_Genewise1.C_17_t10014",1190,0,34.57,"97.5%-100%","Both"
"490","jgi|Aurli1|9990|gm1.9990_g",1608,-3e-28,52.51,"97.5%-100%","Both"
